config_id,algorithm,seed,trial,real_step,chosen_action,planning_node_count,planning_novelty_term_sum,planning_epistemic_term_sum,planning_extrinsic_term_sum,planning_future_term_sum,planning_novelty_term_mean,planning_epistemic_term_mean,planning_extrinsic_term_mean,param_update_kl_step,search_depth_so_far
2af56304,SL,1,1,1,1,153,1.57425890770446,0,1390,932.837900631887,0.0102892739065651,0,9.08496732026144,NaN,NaN
2af56304,SL,1,1,2,1,1,0,0,0,10.9641959382396,0,0,0,0.0025590042380037,NaN
2af56304,SL,1,1,3,1,1,0,0,0,10.6252054236654,0,0,0,0.00114581971540053,NaN
2af56304,SL,1,1,4,3,84,0.333150410201875,0,1530.27027027027,631.554359606139,0.00396607631192708,0,18.2175032175032,0.000738706905631069,NaN
2af56304,SL,1,1,5,3,57,0.334190632318149,0,1540,568.943543898494,0.00586299354944121,0,27.0175438596491,0.00252611646831553,NaN
2af56304,SL,1,1,6,3,29,0.155182726851962,0,760.869565217392,220.626,0.00535112851213663,0,26.2368815592204,0.0025153409243814,NaN
2af56304,SL,1,1,7,3,29,20.003860012433,5.54517744447956,934.347826086956,307.814838721866,0.689788276290793,0.191213015326881,32.2188905547226,0.00250465691731368,NaN
2af56304,SL,1,1,8,1,14,13.0779673976247,1.79514347266239,445.007012622721,491.687962841519,0.934140528401766,0.128224533761599,31.7862151873372,0.0145475442526107,NaN
2af56304,SL,1,1,9,3,14,12.2344826018236,1.80345125137073,282.412991074666,368.27361303646,0.873891614415972,0.128817946526481,20.1723565053333,0.00702096906528696,NaN
2af56304,SL,1,1,10,3,14,11.4662682642582,0.640821314647211,372.71467514766,391.109802271044,0.819019161732729,0.0457729510462293,26.6224767962615,0.00725131825515356,NaN
2af56304,SL,1,1,11,1,14,62.1137449976397,0.345399990815405,329.558605806482,349.963937447461,4.43669607125998,0.0246714279153861,23.5399004147487,0.006034299540693,NaN
2af56304,SL,1,1,12,1,14,64.4600091651742,0.417414326259597,288.760720031533,328.041722447727,4.60428636894101,0.0298153090185426,20.6257657165381,0.00168130572579709,NaN
2af56304,SL,1,1,13,3,13,63.4499372272543,0.394532654648546,270.34175333932,312.516857516332,4.88076440209648,0.0303486657421959,20.79551948764,0.000767167625670371,NaN
2af56304,SL,1,1,14,4,295,1330.18182387543,3.68919859909143,14354.7926801945,4976.12662040937,4.50909092839129,0.0125057579630218,48.6603141701508,0.00466466820067764,NaN
2af56304,SL,1,1,15,3,671,3607.53071098146,17.2433368752385,27771.6662583902,15391.6893767807,5.37634979281887,0.0256979685174941,41.3884743046054,0.00464807535646318,NaN
2af56304,SL,1,1,16,3,200,1394.718838877,2.17506376272371,10256.2263892913,7659.32157549796,6.97359419438499,0.0108753188136185,51.2811319464567,0.00463207915943748,NaN
2af56304,SL,1,1,17,4,107,676.768504486124,0.581703944167784,6514.62484482224,4172.5883358345,6.32493929426284,0.005436485459512,60.8843443441331,0.00461588196585202,NaN
2af56304,SL,1,1,18,2,46,265.86425768973,0.230138649267134,3150.53500376797,1628.52802932446,5.7796577758637,0.00500301411450292,68.4898913862601,0.00459936563635073,NaN
2af56304,SL,1,1,19,2,22,71.9243830648837,0.234370623307953,1401.81222129642,555.129516244877,3.2692901393129,0.0106532101503615,63.7187373316553,0.00458260330322855,NaN
2af56304,SL,1,1,20,2,6,36.6095959541803,0.0763999849755359,282.897816097833,64.2658293280735,6.10159932569672,0.012733330829256,47.1496360163055,0.00466426680001585,NaN
2af56304,SL,1,1,21,2,6,40.9399260181911,0.0527493787527908,-20064.7744804712,-2326.20027045542,6.82332100303185,0.00879156312546514,-3344.12908007853,0.004552478837304,NaN
2af56304,SL,1,2,1,4,355,40.376505073046,15.3891489315117,4381.821443048,1916.10316934273,0.11373663400858,0.043349715300033,12.3431589945014,NaN,NaN
2af56304,SL,1,2,2,3,162,0.806070508398959,2.47967025227719,1574.10692545859,660.606750542727,0.00497574387900592,0.0153066064955382,9.71670941641107,0.00223719880940113,NaN
2af56304,SL,1,2,3,3,1,0,0,0,10.294836807552,0,0,0,0.00223697535155896,NaN
2af56304,SL,1,2,4,2,21,0.145961906580845,0.114556827581444,300.766274293772,132.138407205233,0.00695056698004024,0.00545508702768781,14.3222035377986,0.00224187012848164,NaN
2af56304,SL,1,2,5,4,25,0.149474897304696,0.204754628026486,368.0465682618,173.379636527844,0.00597899589218785,0.00819018512105945,14.721862730472,0.00100185097538011,NaN
2af56304,SL,1,2,6,2,29,0.157395396870428,0.0553185468809481,753.69268320436,220.626,0.00542742747829061,0.00190753609934304,25.9894028691159,0.0022704431376476,NaN
2af56304,SL,1,2,7,4,25,0.192517437748455,0.0900328288219312,734.499088346204,267.88049360986,0.00770069750993821,0.00360131315287725,29.3799635338482,0.00231197175608582,NaN
2af56304,SL,1,2,8,3,117,0.288044943509203,0.306091541773019,3858.88651997641,1077.02984485416,0.00246192259409576,0.00261616702370102,32.9819360681745,0.00238361060752376,NaN
2af56304,SL,1,2,9,4,401,10.8153839841569,7.55381962689435,13201.8634237713,6131.44965601263,0.0269710323794436,0.0188374554286642,32.922352677734,0.00250022826458264,NaN
2af56304,SL,1,2,10,2,17,0.184540670090626,0.158203105955613,690.302277109153,368.019139117477,0.0108553335347427,0.00930606505621252,40.6060163005384,0.00267773751078213,NaN
2af56304,SL,1,2,11,4,15,0.195372997329959,0.208633856848351,546.761183069775,432.383117157974,0.0130248664886639,0.0139089237898901,36.450745537985,0.00292373122305032,NaN
2af56304,SL,1,2,12,3,15,6.77443552453721,0.232152457902093,586.168835323128,505.726307362723,0.451629034969148,0.0154768305268062,39.0779223548752,0.00322188519693621,NaN
2af56304,SL,1,2,13,3,16,7.00843216983971,0.248699006426269,696.707046803901,497.523401024706,0.438027010614982,0.0155436879016418,43.5441904252438,0.00352468026216305,NaN
2af56304,SL,1,2,14,3,15,14.1619767791607,0.223110814735236,794.754750078267,475.28555174812,0.944131785277381,0.0148740543156824,52.9836500052178,0.00377676598391091,NaN
2af56304,SL,1,2,15,3,197,447.197755364286,2.17396337083374,9883.6365402865,7216.3184407874,2.2700393673314,0.0110353470600697,50.1707438593223,0.00395355104862843,NaN
2af56304,SL,1,2,16,3,43,182.031338740857,0.180579560783741,3008.17381997266,3549.27234433474,4.23328694746179,0.00419952466938933,69.9575306970387,0.00406555224700378,NaN
2af56304,SL,1,2,17,3,45,188.288427302352,0.166653271547467,3458.17526876676,3664.62923425596,4.18418727338559,0.00370340603438817,76.848339305928,0.00413341633770788,NaN
2af56304,SL,1,2,18,5,29,145.006077985806,0.169988980017986,2532.26221770316,2368.40356097586,5.00020958571743,0.00586168896613745,87.3193868173505,0.00417287365678028,NaN
2af56304,SL,1,2,19,2,10,36.324909892567,0.0473740431511506,914.345409010776,882.05921197855,3.6324909892567,0.00473740431511506,91.4345409010776,0.00419377982310266,NaN
2af56304,SL,1,2,20,2,5,4.62020534948733,0.0691048242080342,286.701157632876,90.3827034826691,0.924041069897466,0.0138209648416068,57.3402315265751,0.00420238089055735,NaN
2af56304,SL,1,2,21,2,5,4.61801968183391,0.0673636700135078,-17165.581628552,-2320.73152963112,0.923603936366782,0.0134727340027016,-3433.11632571039,0.00420282359476122,NaN
2af56304,SL,1,3,1,5,395,38.5072593923981,15.9816246595016,3992.13455449515,1965.0405284804,0.0974867326389827,0.040459809264561,10.1066697582156,NaN,NaN
2af56304,SL,1,3,2,3,171,0.945557095495433,2.64556950670949,1393.31496562539,652.330140562612,0.00552957365786803,0.0154711667059034,8.14804073465141,0.00208030018045243,NaN
2af56304,SL,1,3,3,3,1,0,0,0,10.29465885194,0,0,0,0.00208063886891833,NaN
2af56304,SL,1,3,4,2,21,0.136237450134394,0.114556827581444,300.766274293772,132.137764347988,0.00648749762544732,0.00545508702768781,14.3222035377986,0.00208573439076814,NaN
2af56304,SL,1,3,5,5,25,0.139701946862343,0.204754628026486,368.0465682618,173.37942616802,0.00558807787449371,0.00819018512105945,14.721862730472,0.000932569953726838,NaN
2af56304,SL,1,3,6,2,29,0.146999212625154,0.0553185468809481,753.69268320436,220.626,0.00506893836638462,0.00190753609934304,25.9894028691159,0.00211340188594699,NaN
2af56304,SL,1,3,7,5,25,0.179897278949547,0.0900328288219312,734.499088346204,267.880218602894,0.00719589115798188,0.00360131315287725,29.3799635338482,0.00215259934781115,NaN
2af56304,SL,1,3,8,3,127,0.367141529472702,1.25020435970633,3856.13719203726,1041.64654420244,0.00289087818482442,0.00984412881658524,30.3632849766713,0.00221984889572078,NaN
2af56304,SL,1,3,9,3,456,17.163775376352,10.4830348367295,13540.3993585966,6110.77288358997,0.0376398582814737,0.022989111484056,29.6938582425365,0.00232901954253659,NaN
2af56304,SL,1,3,10,3,19,0.176930730137417,0.177153059002634,765.777602445162,368.018544264667,0.00931214369144299,0.00932384521066496,40.3040843392191,0.00249496674770562,NaN
2af56304,SL,1,3,11,3,19,0.187803217159001,0.208633856848352,836.761183069775,432.381606374047,0.00988437985047373,0.010980729307808,44.0400622668302,0.00272480776422483,NaN
2af56304,SL,1,3,12,3,19,18.8905948253139,0.232152457902094,906.168835323128,504.698818876537,0.99424183291126,0.0122185504158997,47.6930965959541,0.00300337444114439,NaN
2af56304,SL,1,3,13,3,18,19.5125337537108,0.230733607047734,945.054942419235,496.565669395459,1.08402965298393,0.0128185337248741,52.5030523566241,0.00328640058626973,NaN
2af56304,SL,1,3,14,3,17,20.031768411731,0.223110814735236,984.754750078267,474.415619445974,1.17833931833712,0.0131241655726609,57.926750004604,0.00352227339040493,NaN
2af56304,SL,1,3,15,3,527,1787.93012845158,14.895568369607,25626.957804487,13040.0700515204,3.3926567902307,0.0282648356159525,48.6280034240741,0.00368801982798755,NaN
2af56304,SL,1,3,16,3,78,326.194721748514,0.50618211259474,5388.88158610409,5754.34150166989,4.18198361216044,0.00648951426403513,69.088225462873,0.00379339960095077,NaN
2af56304,SL,1,3,17,4,45,187.552203332201,0.269130485777761,3461.50257249518,3909.06097739311,4.16782674071558,0.00598067746172803,76.9222793887818,0.00385763564328704,NaN
2af56304,SL,1,3,18,2,26,113.615897746289,0.257054301781307,2156.75498217727,1978.095879221,4.3698422210111,0.00988670391466566,82.9521146991258,0.00389538083649468,NaN
2af56304,SL,1,3,19,4,17,56.8609171471447,0.109455798913089,1482.87451933382,1060.26630801004,3.34475983218498,0.0064385764066523,87.2279129019894,0.00391581757290562,NaN
2af56304,SL,1,3,20,2,6,12.1722301925089,0.047597236647929,517.286844312436,90.2336247752518,2.02870503208481,0.00793287277465484,86.2144740520727,0.00392476637391343,NaN
2af56304,SL,1,3,21,2,6,8.33007790215715,0.0721960030828492,-20880.6860736839,-2320.88032541081,1.38834631702619,0.0120326671804749,-3480.11434561399,0.00392609247442232,NaN
